Endereço dos Campus,1
Qual é o endereço do campus CCET da UNIRIO?,1
Qual é o endereço do campus CCH da UNIRIO?,1
Qual é o endereço do campus IBIO da UNIRIO?,1
Qual é o endereço do campus CLA da UNIRIO?,1
Qual é o endereço do campus EMC da UNIRIO?,1
Qual é o endereço do campus IB da UNIRIO?,1
Gostaria de saber qual é o eCCJPreço do campus CCET da UNIRIO,1
Gostaria de saber qual é o eHUGGreço do campus CCH da UNIRIO,1
Gostaria de saber qual é o endereço do campus IBIO da UNIRIO,1
Gostaria de saber qual é o endereço do campus CLA da UNIRIO,1
Gostaria de saber qual é o endereço do campus EMC da UNIRIO,1
Gostaria de saber qual é o endereço do campus IB da UNIRIO,1
Gostaria de saber qual é o endereço do campus CCJP da UNIRIO,1
Gostaria de saber qual é o endereço do campus HUGG da UNIRIO,1
Olá. Gostaria de saber o endereço do campus CCET. Pode por gentileza me informar?,1
Olá. Gostaria de saber o endereço do campus CCH. Pode por gentileza me informar?,1
Olá. Gostaria de saber o endereço do campus IBIO. Pode por gentileza me informar?,1
Olá. Gostaria de saber o endereço do campus CLA. Pode por gentileza me informar?,1
Olá. Gostaria de saber o endereço do campus EMC. Pode por gentileza me informar?,1
Olá. Gostaria de saber o endereço do campus IB. Pode por gentileza me informar?,1
Olá. Gostaria de saber o endereço do campus CCJP. Pode por gentileza me informar?,1
Olá. Gostaria de saber o endereço do campus HUGG. Pode por gentileza me informar?,1
Qual o endereço do campus CCET?,1
Qual o endereço do campus CCH?,1
Qual o endereço do campus IBIO?,1
Qual o endereço do campus CLA?,1
Qual o endereço do campus EMC?,1
Qual o endereço do campus IB?,1
Qual o endereço do campus CCJP?,1
Qual o endereço do campus HUGG?,1
Qual o endereço do campus do CCET da Unirio?,1
Qual o endereço do campus do CCH da Uniri0o?,1
Qual o endereço do campus do IBIO da Unirio?,1
Qual o endereço do campus do CLA da Unirio?,1
Qual o endereço do campus do EMC da Unirio?,1
Qual o endereço do campus do IB da Unirio?,1
Qual o endereço do campus do CCJP da Unirio?,1
Qual o endereço do campus do HUGG da Unirio?,1
Qual o endereço do campus do xxx da Unirio?,1
Onde é o Centro de Ciências Exatas e Tecnologia CCET?,1
Onde é o Centro de Ciências Exatas e Tecnologia CCH?,1
Onde é o Centro de Ciências Exatas e Tecnologia IBIO?,1
Onde é o Centro de Ciências Exatas e Tecnologia CLA?,1
Onde é o Centro de Ciências Exatas e Tecnologia EMC?,1
Onde é o Centro de Ciências Exatas e Tecnologia IB?,1
Onde é o Centro de Ciências Exatas e Tecnologia CCJP?,1
Onde é o Centro de Ciências Exatas e Tecnologia HUGG?,1
Onde é o Centro de Ciências Exatas e Tecnologia xxx?,1
Como chegar ao CCET ?,1
Como chegar ao CCH ?,1
Como chegar ao IBIO ?,1
Como chegar ao CLA ?,1
Como chegar ao EMC ?,1
Como chegar ao IB ?,1
Como chegar ao CCJP ?,1
Como chegar ao HUGG ?,1
campus CCET UNIRIO,1
campus CCH UNIRIO,1
campus IBIO UNIRIO,1
campus CLA UNIRIO,1
campus EMC UNIRIO,1
campus IB UNIRIO,1
campus CCJP UNIRIO,1
campus HUGG UNIRIO,1
endereço unirio campus CCET,1
endereço unirio campus CCH,1
endereço unirio campus IBIO,1
endereço unirio campus CLA,1
endereço unirio campus EMC,1
endereço unirio campus IB,1
endereço unirio campus CCJP,1
endereço unirio campus HUGG,1
endereço do campus CCET,1
endereço do campus CCH,1
endereço do campus IBIO,1
endereço do campus CLA,1
endereço do campus EMC,1
endereço do campus IB,1
endereço do campus CCJP,1
endereço do campus HUGG,1
endereço campus CCET unirio,1
endereço campus CCH unirio,1
endereço campus IBIO unirio,1
endereço campus CLA unirio,1
endereço campus EMC unirio,1
endereço campus IB unirio,1
endereço campus CCJP unirio,1
endereço campus HUGG unirio,1
Onde fica o campus CCET?,1
Onde fica o campus CCH?,1
Onde fica o campus IBIO?,1
Onde fica o campus CLA?,1
Onde fica o campus EMC?,1
Onde fica o campus IB?,1
Onde fica o campus CCJP?,1
Onde fica o campus HUGG?,1
Onde fica o CCET?,1
Onde fica o CCH?,1
Onde fica o IBIO?,1
Onde fica o CLA?,1
Onde fica o EMC?,1
Onde fica o IB?,1
Onde fica o CCJP?,1
Onde fica o HUGG?,1
Endereço CCET,1
Endereço CCH,1
Endereço IBIO,1
Endereço CLA,1
Endereço EMC,1
Endereço IB,1
Endereço CCJP,1
Endereço HUGG,1
Onde se localiza o campus CCET?,1
Onde se localiza o campus CCH?,1
Onde se localiza o campus IBIO?,1
Onde se localiza o campus CLA?,1
Onde se localiza o campus EMC?,1
Onde se localiza o campus IB?,1
Onde se localiza o campus CCJP?,1
Onde se localiza o campus HUGG?,1
Endereço campus CCET,1
Endereço campus CCH,1
Endereço campus IBIO,1
Endereço campus CLA,1
Endereço campus EMC,1
Endereço campus IB,1
Endereço campus CCJP,1
Endereço campus HUGG,1
qual o endereço do CCET?,1
qual o endereço do CCH?,1
qual o endereço do IBIO?,1
qual o endereço do CLA?,1
qual o endereço do EMC?,1
qual o endereço do IB?,1
qual o endereço do CCJP?,1
qual o endereço do HUGG?,1
Como encontro o Campus do CCET?,1
Como encontro o Campus do CCH?,1
Como encontro o Campus do IBIO?,1
Como encontro o Campus do CLA?,1
Como encontro o Campus do EMC?,1
Como encontro o Campus do IB?,1
Como encontro o Campus do CCJP?,1
Como encontro o Campus do HUGG?,1
Qual o endereço da UNIRIO,1
"Onde fica a UNIRIO? ",1
"Onde fica o campus da UNIRIO? ",1
Qual é o endereço da Unirio?,1
Localização,1
Qual endereço da Unirio?,1
Qual o endereço do campus da unirio?,1
"Qual endereço do campus De sistemas de informação ",1
Onde fica o campus de direito da Unirio?,1
Acessar Portal do Aluno,2
acesso portal do aluno,2
Ao Portal me conecto como?,2
"Assistente, acesse o Portal do Aluno.",2
Como acessar o Portal do Aluno?,2
Como acesso meus dados acadêmicos no Portal?,2
Como acesso minha conta no Portal?,2
Como acesso minhas informações de contato no Portal?,2
Como acesso minhas informações de matrícula no Portal?,2
Como acesso minhas informações no Portal?,2
Como acesso minhas mensagens no Portal?,2
Como acesso o portal do aluno?,2
Como entro em meus dados acadêmicos no Portal?,2
Como entro na minha conta do Portal?,2
Como entro na minha página de matrícula no Portal?,2
Como entro na minha página de orientação no Portal?,2
Como entro na minha área de estudante no Portal?,2
Como entro no meu perfil no Portal?,2
Como entro no Portal do Aluno?,2
Como entro no Portal do Aluno?,2
Como eu acesso meus dados acadêmicos no Portal do Aluno sem precisar sair de casa?,2
Como eu acesso meus dados acadêmicos no Portal do Aluno?,2
Como eu acesso minha conta no Portal do Aluno usando meu dispositivo móvel?,2
Como eu acesso minha conta no Portal do Aluno?,2
Como eu acesso minhas informações de contato no Portal do Aluno usando meu tablet?,2
Como eu acesso minhas informações de contato no Portal do Aluno?,2
Como eu acesso minhas informações de matrícula no Portal do Aluno com rapidez?,2
Como eu acesso minhas informações de matrícula no Portal do Aluno?,2
Como eu acesso minhas informações no Portal do Aluno sempre que precisar?,2
Como eu acesso minhas informações no Portal do Aluno?,2
Como eu acesso minhas mensagens no Portal do Aluno usando meu smartphone?,2
Como eu acesso minhas mensagens no Portal do Aluno?,2
Como eu entro em meus dados acadêmicos no Portal do Aluno de forma simples?,2
Como eu entro em meus dados acadêmicos no Portal do Aluno?,2
Como eu entro na minha conta do Portal do Aluno utilizando meu ID único?,2
Como eu entro na minha conta do Portal do Aluno?,2
Como eu entro na minha página de matrícula no Portal do Aluno de forma fácil e rápida?,2
Como eu entro na minha página de matrícula no Portal do Aluno?,2
Como eu entro na minha página de orientação no Portal do Aluno usando meu computador?,2
Como eu entro na minha página de orientação no Portal do Aluno?,2
Como eu entro na minha área de estudante no Portal do Aluno utilizando minha certificação digital?,2
Como eu entro na minha área de estudante no Portal do Aluno?,2
Como eu entro no meu perfil no Portal do Aluno sempre que preciso?,2
Como eu entro no meu perfil no Portal do Aluno?,2
Como eu entro no Portal do Aluno sempre que precisar usando meu navegador de internet?,2
Como eu entro no Portal do Aluno usando meu usuário e senha?,2
Como eu entro no Portal do Aluno?,2
Como eu faço login na minha conta do Portal do Aluno?,2
Como eu faço login na minha área de estudante no Portal do Aluno com meu usuário e senha?,2
Como eu faço login na minha área de estudante no Portal do Aluno?,2
Como eu faço login no meu perfil no Portal do Aluno para verificar minhas informações?,2
Como eu faço login no meu perfil no Portal do Aluno?,2
Como eu faço login no Portal do Aluno seguindo as instruções?,2
Como eu faço login no Portal do Aluno?,2
Como eu faço login no sistema do Portal do Aluno com segurança?,2
Como eu faço login no sistema do Portal do Aluno?,2
Como eu me conecto a minha conta do Portal do Aluno usando minha conexão WiFi?,2
Como eu me conecto a minha conta do Portal do Aluno?,2
Como eu me conecto a minha área de estudante no Portal do Aluno usando meu laptop?,2
Como eu me conecto a minha área de estudante no Portal do Aluno?,2
Como eu me conecto ao Portal do Aluno a partir de qualquer lugar?,2
Como eu me conecto ao Portal do Aluno?,2
Como faço login na minha conta do Portal?,2
Como faço login na minha área de estudante no Portal?,2
Como faço login no meu perfil no Portal?,2
Como faço login no Portal do Aluno?,2
Como faço login no sistema do Portal?,2
Como faço para acessar o Portal do Aluno?,2
Como me conecto a minha conta do Portal?,2
Como me conecto a minha área de estudante no Portal?,2
Como me conecto ao Portal?,2
Como no Portal do Aluno acesso meus dados acadêmicos?,2
Como no Portal do Aluno acesso minha conta?,2
Como no Portal do Aluno acesso minhas informações de contato?,2
Como no Portal do Aluno acesso minhas informações de matrícula?,2
Como no Portal do Aluno acesso minhas informações?,2
Como no Portal do Aluno acesso minhas mensagens?,2
Como no Portal do Aluno entro em meus dados acadêmicos?,2
Como no Portal do Aluno entro na minha conta?,2
Como no Portal do Aluno entro na minha página de matrícula?,2
Como no Portal do Aluno entro na minha página de orientação?,2
Como no Portal do Aluno entro na minha área de estudante?,2
Como no Portal do Aluno entro no meu perfil?,2
Como no Portal do Aluno entro?,2
Como no Portal do Aluno faço login na minha conta?,2
Como no Portal do Aluno faço login na minha área de estudante?,2
Como no Portal do Aluno faço login no meu perfil?,2
Como no Portal do Aluno faço login no sistema?,2
Como no Portal do Aluno faço login?,2
Como no Portal do Aluno me conecto a minha conta?,2
Como no Portal do Aluno me conecto a minha área de estudante?,2
Como no Portal do Aluno me conecto?,2
Entro no Portal do Aluno como?,2
Link para Portal do Aluno,2
Link Portal do Aluno Unirio,2
Login no Portal do Aluno como faço?,2
Me envie o link do Portal do Aluno da Unirio.,2
Meus dados acadêmicos no Portal acesso como?,2
Meus dados acadêmicos no Portal entro como?,2
Minha conta do Portal me conecto como?,2
Minha conta no Portal acesso como?,2
Minha área de estudante no Portal me conecto como?,2
Minhas informações de contato no Portal acesso como?,2
Minhas informações de matrícula no Portal acesso como?,2
Minhas informações no Portal acesso como?,2
Minhas mensagens no Portal acesso como?,2
Na minha conta do Portal entro como?,2
Na minha conta do Portal login faço como?,2
Na minha página de matrícula no Portal entro como?,2
Na minha página de orientação no Portal entro como?,2
Na minha área de estudante no Portal entro como?,2
Na minha área de estudante no Portal login faço como?,2
No meu perfil no Portal entro como?,2
No meu perfil no Portal login faço como?,2
No sistema do Portal login faço como?,2
"Onde acessar o portal do aluno? ",2
Onde acesso o Portal do Aluno?,2
Poderia enviar o link do portal do aluno ?,2
"Por favor, me leve até o portal do aluno.",2
"Por favor, pode abrir o Portal do Aluno?",2
portal aluno,2
portal aluno unirio?,2
Portal do Aluno,2
PORTAL DO ALUNO UNIRIO,2
Qual o endereço do Portal do Aluno?,2
Qual o link do Portal do Aluno?,2
Qual é o site do Portal?,2
"Quero acessar o portal do aluno da Unirio ",2
"Assistente, preciso do documento Comprovante de Matrícula.",3
"Assistente, preciso do documento Atestado de Matrícula.",3
"Assistente, preciso do documento Declaração de Matricula.",3
"Assistente, preciso do documento Histórico Escolar.",3
"Assistente, preciso do documento Histórico Integralizado.",3
"Assistente, preciso do documento CR.",3
"Assistente, preciso do documento Ficha Cadastral.",3
"Assistente, preciso do documento Declaração de Trancamento.",3
Como obtenho o documento Comprovante de Matrícula?,3
Como obtenho o documento Atestado de Matrícula?,3
Como obtenho o documento Declaração de Matricula?,3
Como obtenho o documento Histórico Escolar?,3
Como obtenho o documento Histórico Integralizado?,3
Como obtenho o documento CR?,3
Como obtenho o documento Ficha Cadastral?,3
Como obtenho o documento Declaração de Trancamento?,3
Como ver Comprovante de Matrícula?,3
Como ver Atestado de Matrícula?,3
Como ver Declaração de Matricula?,3
Como ver Histórico Escolar?,3
Como ver Histórico Integralizado?,3
Como ver CR?,3
Como ver Ficha Cadastral?,3
Como ver Declaração de Trancamento?,3
Preciso de Comprovante de Matrícula,3
Preciso de Atestado de Matrícula,3
Preciso de Declaração de Matricula,3
Preciso de Histórico Escolar,3
Preciso de Histórico Integralizado,3
Preciso de CR,3
Preciso de Ficha Cadastral,3
Preciso de Declaração de Trancamento,3
documento Comprovante de Matrícula unirio,3
documento Atestado de Matrícula unirio,3
documento Declaração de Matricula unirio,3
documento Histórico Escolar unirio,3
documento Histórico Integralizado unirio,3
documento CR unirio,3
documento Ficha Cadastral unirio,3
documento Declaração de Trancamento unirio,3
Quero gerar o documento Comprovante de Matrícula,3
Quero gerar o documento Atestado de Matrícula,3
Quero gerar o documento Declaração de Matricula,3
Quero gerar o documento Histórico Escolar,3
Quero gerar o documento Histórico Integralizado,3
Quero gerar o documento CR,3
Quero gerar o documento Ficha Cadastral,3
Quero gerar o documento Declaração de Trancamento,3
Como emitir o documento Comprovante de Matrícula no site da Unirio?,3
Como emitir o documento Atestado de Matrícula no site da Unirio?,3
Como emitir o documento Declaração de Matricula no site da Unirio?,3
Como emitir o documento Histórico Escolar no site da Unirio?,3
Como emitir o documento Histórico Integralizado no site da Unirio?,3
Como emitir o documento CR no site da Unirio?,3
Como emitir o documento Ficha Cadastral no site da Unirio?,3
Como emitir o documento Declaração de Trancamento no site da Unirio?,3
Como faço para obter Comprovante de Matrícula,3
Como faço para obter Atestado de Matrícula,3
Como faço para obter Declaração de Matricula,3
Como faço para obter Histórico Escolar,3
Como faço para obter Histórico Integralizado,3
Como faço para obter CR,3
Como faço para obter Ficha Cadastral,3
Como faço para obter Declaração de Trancamento,3
Onde baixar o documento Comprovante de Matrícula?,3
Onde baixar o documento Atestado de Matrícula?,3
Onde baixar o documento Declaração de Matricula?,3
Onde baixar o documento Histórico Escolar?,3
Onde baixar o documento Histórico Integralizado?,3
Onde baixar o documento CR?,3
Onde baixar o documento Ficha Cadastral?,3
Onde baixar o documento Declaração de Trancamento?,3
emissão documento Comprovante de Matrícula,3
emissão documento Atestado de Matrícula,3
emissão documento Declaração de Matricula,3
emissão documento Histórico Escolar,3
emissão documento Histórico Integralizado,3
emissão documento CR,3
emissão documento Ficha Cadastral,3
emissão documento Declaração de Trancamento,3
Solicitar documento Comprovante de Matrícula,3
Solicitar documento Atestado de Matrícula,3
Solicitar documento Declaração de Matricula,3
Solicitar documento Histórico Escolar,3
Solicitar documento Histórico Integralizado,3
Solicitar documento CR,3
Solicitar documento Ficha Cadastral,3
Solicitar documento Declaração de Trancamento,3
Como faço para imprimir Comprovante de Matrícula?,3
Como faço para imprimir Atestado de Matrícula?,3
Como faço para imprimir Declaração de Matricula?,3
Como faço para imprimir Histórico Escolar?,3
Como faço para imprimir Histórico Integralizado?,3
Como faço para imprimir CR?,3
Como faço para imprimir Ficha Cadastral?,3
Como faço para imprimir Declaração de Trancamento?,3
Preciso do documento Comprovante de Matrícula,3
Preciso do documento Atestado de Matrícula,3
Preciso do documento Declaração de Matricula,3
Preciso do documento Histórico Escolar,3
Preciso do documento Histórico Integralizado,3
Preciso do documento CR,3
Preciso do documento Ficha Cadastral,3
Preciso do documento Declaração de Trancamento,3
Quero documento Comprovante de Matrícula,3
Quero documento Atestado de Matrícula,3
Quero documento Declaração de Matricula,3
Quero documento Histórico Escolar,3
Quero documento Histórico Integralizado,3
Quero documento CR,3
Quero documento Ficha Cadastral,3
Quero documento Declaração de Trancamento,3
Como consigo o documento Comprovante de Matrícula?,3
Como consigo o documento Atestado de Matrícula?,3
Como consigo o documento Declaração de Matricula?,3
Como consigo o documento Histórico Escolar?,3
Como consigo o documento Histórico Integralizado?,3
Como consigo o documento CR?,3
Como consigo o documento Ficha Cadastral?,3
Como consigo o documento Declaração de Trancamento?,3
Gerar Documento Comprovante de Matrícula,3
Gerar Documento Atestado de Matrícula,3
Gerar Documento Declaração de Matricula,3
Gerar Documento Histórico Escolar,3
Gerar Documento Histórico Integralizado,3
Gerar Documento CR,3
Gerar Documento Ficha Cadastral,3
Gerar Documento Declaração de Trancamento,3
"Por favor, poderia abrir o documento Comprovante de Matrícula no Portal do Aluno? ",3
"Por favor, poderia abrir o documento Atestado de Matrícula no Portal do Aluno? ",3
"Por favor, poderia abrir o documento Declaração de Matricula no Portal do Aluno? ",3
"Por favor, poderia abrir o documento Histórico Escolar no Portal do Aluno? ",3
"Por favor, poderia abrir o documento Histórico Integralizado no Portal do Aluno? ",3
"Por favor, poderia abrir o documento CR no Portal do Aluno? ",3
"Por favor, poderia abrir o documento Ficha Cadastral no Portal do Aluno? ",3
"Por favor, poderia abrir o documento Declaração de Trancamento no Portal do Aluno? ",3
"Emissão de Documento ",3
Link documentos UNIRIO,3
Documentos UNIRIO,3
Como faço para pegar meu documento?,3
"Onde gerar documentos? ",3
Preciso de um documento. Como posso fazer?,3
Como posso obter um documento na UNIRIO?,3
"Como localizar minhas progressões? ",3
Gostaria de acessar um documento,3
"Solicitar documento ",3
Como posso emitir documentos?,3
Acessar minhas notas finais?,4
Acessar minhas onde posso notas finais?,4
Acesso minhas onde posso obter notas finais?,4
Acesso às minhas notas finais obter onde posso?,4
Avaliações finais minhas ver onde posso?,4
Como eu posso obter acesso às minhas notas finais?,4
Como eu posso obter minhas notas finais?,4
Como eu posso ver minhas notas finais?,4
Conferir minhas notas finais?,4
Conferir minhas onde posso notas finais?,4
Em que lugar eu posso verificar as notas finais?,4
Em que lugar eu posso visualizar as notas finais?,4
Examinar meus onde posso resultados finais?,4
Examinar meus resultados finais?,4
Meus resultados finais examinar onde posso?,4
Meus resultados finais onde posso ver?,4
Meus resultados finais verificar onde posso?,4
Minhas avaliações finais ver onde posso?,4
Minhas notas finais acessar onde posso?,4
Minhas notas finais acesso obter onde posso?,4
Minhas notas finais conferir onde posso?,4
Minhas notas finais obter onde posso?,4
Minhas notas finais visualizar onde posso?,4
Notas finais minhas acessar onde posso?,4
Notas finais minhas conferir onde posso?,4
Notas finais minhas obter onde posso?,4
Notas finais minhas visualizar onde posso?,4
Notas finais onde posso ver?,4
Obter acesso às minhas notas finais?,4
Obter minhas notas finais?,4
Obter minhas onde posso notas finais?,4
Onde as notas finais posso ver?,4
Onde eu posso acessar as notas finais?,4
Onde eu posso acessar minhas notas finais?,4
Onde eu posso conferir as notas finais?,4
Onde eu posso conferir minhas notas finais?,4
Onde eu posso consultar as notas finais?,4
Onde eu posso encontrar as notas finais?,4
Onde eu posso encontrar meus resultados finais?,4
Onde eu posso examinar as notas finais?,4
Onde eu posso examinar meus resultados finais?,4
Onde eu posso olhar as notas finais?,4
Onde eu posso ver as avaliações finais?,4
Onde eu posso ver as notas finais?,4
Onde eu posso ver minhas avaliações finais?,4
Onde eu posso verificar as notas finais?,4
Onde eu posso verificar meus resultados finais?,4
Onde eu posso verificar minhas notas finais?,4
Onde eu posso visualizar as avaliações finais?,4
Onde eu posso visualizar as notas finais?,4
Onde posso acessar minhas notas finais?,4
Onde posso conferir minhas notas finais?,4
Onde posso examinar meus resultados finais?,4
Onde posso obter acesso às minhas notas finais?,4
Onde posso obter minhas notas finais?,4
Onde posso ver as notas finais atualizadas?,4
Onde posso ver as notas finais completas ?,4
Onde posso ver as notas finais detalhadas?,4
Onde posso ver as notas finais do semestre atual?,4
Onde posso ver as notas finais do semestre passado?,4
Onde posso ver as notas finais e avaliar minha performance?,4
Onde posso ver as notas finais e comparar com meus colegas?,4
Onde posso ver as notas finais e comparar com outros semestres?,4
Onde posso ver as notas finais e conferir minhas médias?,4
Onde posso ver as notas finais e enviar por e-mail?,4
Onde posso ver as notas finais e fazer a impressão delas?,4
Onde posso ver as notas finais e fazer uma análise estatística?,4
Onde posso ver as notas finais e identificar minhas áreas de dificuldade?,4
Onde posso ver as notas finais e monitorar meu progresso?,4
Onde posso ver as notas finais e outras informações acadêmicas?,4
Onde posso ver as notas finais e planejar minha estratégia de estudos?,4
Onde posso ver as notas finais e preparar para a graduação?,4
Onde posso ver as notas finais e preparar para provas finais?,4
Onde posso ver as notas finais e preparar para recuperação?,4
Onde posso ver as notas finais e realizar acompanhamento pessoal?,4
Onde posso ver as notas finais e seguir a carreira escolhida?,4
Onde posso ver as notas finais e solicitar revisão de notas?,4
Onde posso ver as notas finais e verificar meus objetivos acadêmicos?,4
Onde posso ver as notas finais e verificar se estou aprovado?,4
Onde posso ver as notas finais incluindo as disciplinas extracurriculares?,4
Onde posso ver as notas finais oficiais e atualizadas?,4
Onde posso ver as notas finais oficiais?,4
Onde posso ver as notas finais?,4
Onde posso ver meus resultados finais?,4
Onde posso ver minhas avaliações finais?,4
Onde posso verificar meus resultados finais?,4
Onde posso visualizar minhas notas finais?,4
Posso acessar minhas notas finais?,4
Posso conferir minhas notas finais?,4
Posso examinar meus resultados finais?,4
Posso obter acesso às minhas notas finais?,4
Posso obter minhas notas finais?,4
Posso ver as notas finais?,4
Posso ver meus resultados finais?,4
Posso ver minhas avaliações finais?,4
Posso verificar meus resultados finais?,4
Posso visualizar minhas notas finais?,4
Qual o endereço onde posso ver as notas finais?,4
Qual o local onde posso ver as notas finais?,4
Qual o lugar onde posso acessar as notas finais?,4
Qual o lugar onde posso ver as notas finais?,4
Qual é o endereço para ver as notas finais?,4
Qual é o local para visualizar as notas finais?,4
Qual é o lugar para ver as notas finais?,4
Resultados finais meus examinar onde posso?,4
Resultados finais meus verificar onde posso?,4
Resultados finais onde posso ver meus?,4
Ver as notas finais onde posso?,4
Ver as notas finais?,4
Ver meus onde posso resultados finais?,4
Ver meus resultados finais?,4
Ver minhas avaliações finais?,4
Ver minhas onde posso avaliações finais?,4
Verificar meus onde posso resultados finais?,4
Verificar meus resultados finais?,4
Visualizar minhas notas finais?,4
Visualizar minhas onde posso notas finais?,4
Acessar minhas notas finais?,4
Acessar minhas onde posso notas finais?,4
Acesso minhas onde posso obter notas finais?,4
Acesso às minhas notas finais obter onde posso?,4
Avaliações finais minhas ver onde posso?,4
Como eu posso obter acesso às minhas notas finais?,4
Como eu posso obter minhas notas finais?,4
Como eu posso ver minhas notas finais?,4
Conferir minhas notas finais?,4
Conferir minhas onde posso notas finais?,4
Em que lugar eu posso verificar as notas finais?,4
Em que lugar eu posso visualizar as notas finais?,4
Examinar meus onde posso resultados finais?,4
Examinar meus resultados finais?,4
Meus resultados finais examinar onde posso?,4
Meus resultados finais onde posso ver?,4
Meus resultados finais verificar onde posso?,4
Minhas avaliações finais ver onde posso?,4
Minhas notas finais acessar onde posso?,4
Minhas notas finais acesso obter onde posso?,4
Minhas notas finais conferir onde posso?,4
Minhas notas finais obter onde posso?,4
Minhas notas finais visualizar onde posso?,4
Notas finais minhas acessar onde posso?,4
Notas finais minhas conferir onde posso?,4
Notas finais minhas obter onde posso?,4
Notas finais minhas visualizar onde posso?,4
Notas finais onde posso ver?,4
Obter acesso às minhas notas finais?,4
Obter minhas onde posso notas finais?,4
Onde as notas finais posso ver?,4
Onde eu posso acessar as notas finais?,4
Onde eu posso acessar minhas notas finais?,4
Onde eu posso conferir as notas finais?,4
Onde eu posso conferir minhas notas finais?,4
Onde eu posso consultar as notas finais?,4
Calendário acadêmico encontrar onde?,5
Calendário acadêmico encontro onde?,5
Calendário acadêmico localizado onde?,5
Calendário acadêmico localizar onde?,5
Calendário acadêmico onde encontrar?,5
Calendário acadêmico onde encontro?,5
Calendário acadêmico onde está localizado?,5
Calendário acadêmico onde está?,5
Calendário acadêmico onde localizado?,5
Calendário acadêmico onde localizar?,5
Calendário acadêmico onde procurar?,5
Calendário acadêmico onde?,5
Como acesso o calendário acadêmico?,5
Como encontro o calendário acadêmico?,5
Como eu acesso o calendário acadêmico?,5
Como eu consigo o calendário acadêmico?,5
Como eu faço para encontrar o calendário acadêmico?,5
Como eu faço para obter o calendário acadêmico?,5
Como eu posso acessar o calendário acadêmico?,5
Como eu posso encontrar o calendário acadêmico?,5
Como eu posso encontrar o calendário acadêmico?,5
Como eu posso localizar o calendário acadêmico?,5
Como eu posso obter o calendário acadêmico?,5
Como localizo o calendário acadêmico?,5
Como posso encontrar o calendário acadêmico?,5
Como posso localizar o calendário acadêmico?,5
Como posso obter o calendário acadêmico?,5
Encontrar calendário acadêmico onde?,5
Encontro calendário acadêmico onde?,5
Encontro o calendário acadêmico onde?,5
Encontro onde o calendário acadêmico?,5
Localizado o calendário acadêmico onde?,5
Onde acessar o calendário acadêmico?,5
Onde calendário acadêmico encontro?,5
Onde disponível o calendário acadêmico?,5
Onde encontrar calendário acadêmico?,5
Onde encontrar o calendário acadêmico para me manter atualizado?,5
Onde encontrar o calendário acadêmico para me organizar?,5
Onde encontrar o calendário acadêmico para me planejar para as provas?,5
Onde encontrar o calendário acadêmico para me planejar?,5
Onde encontrar o calendário acadêmico para me preparar melhor?,5
Onde encontrar o calendário acadêmico para me preparar para os próximos anos letivos?,5
Onde encontrar o calendário acadêmico para me preparar para os próximos meses?,5
Onde encontrar o calendário acadêmico para me preparar para os próximos semestres?,5
Onde encontrar o calendário acadêmico para me preparar para os trabalhos finais?,5
Onde encontrar o calendário acadêmico para me programar com antecedência?,5
Onde encontrar o calendário acadêmico para me programar?,5
Onde encontrar o calendário acadêmico para não me atrasar?,5
Onde encontrar o calendário acadêmico para não perder nenhum prazo?,5
Onde encontrar o calendário acadêmico para não perder nenhuma atividade acadêmica?,5
Onde encontrar o calendário acadêmico para não perder nenhuma atividade importante?,5
Onde encontrar o calendário acadêmico para não perder nenhuma oportunidade?,5
Onde encontrar o calendário acadêmico para organizar minhas tarefas?,5
Onde encontrar o calendário acadêmico para planejar minhas férias?,5
Onde encontrar o calendário acadêmico para saber as datas de entrega de trabalhos?,5
Onde encontrar o calendário acadêmico para saber as datas de entrega dos trabalhos finais?,5
Onde encontrar o calendário acadêmico para saber as datas de eventos?,5
Onde encontrar o calendário acadêmico para saber as datas de feriados?,5
Onde encontrar o calendário acadêmico para saber as datas de início e fim das aulas?,5
Onde encontrar o calendário acadêmico para saber as datas de início e fim dos períodos letivos?,5
Onde encontrar o calendário acadêmico para saber as datas de matrícula?,5
Onde encontrar o calendário acadêmico para saber as datas de provas?,5
Onde encontrar o calendário acadêmico para saber as férias?,5
Onde encontrar o calendário acadêmico para ter ciência das datas importantes?,5
Onde encontrar o calendário acadêmico?,5
Onde encontro calendário acadêmico?,5
Onde encontro o calendário acadêmico atualizado?,5
Onde encontro o calendário acadêmico completo?,5
Onde encontro o calendário acadêmico detalhado?,5
Onde encontro o calendário acadêmico disponível?,5
Onde encontro o calendário acadêmico institucional?,5
Onde encontro o calendário acadêmico no aplicativo da instituição?,5
Onde encontro o calendário acadêmico no mural da instituição?,5
Onde encontro o calendário acadêmico no quadro de avisos da instituição?,5
Onde encontro o calendário acadêmico no site da instituição?,5
Onde encontro o calendário acadêmico oficial?,5
Onde encontro o calendário acadêmico online?,5
Onde encontro o calendário acadêmico para alunos?,5
Onde encontro o calendário acadêmico para consulta?,5
Onde encontro o calendário acadêmico para download?,5
Onde encontro o calendário acadêmico para estudantes?,5
Onde encontro o calendário acadêmico para extensão?,5
Onde encontro o calendário acadêmico para funcionários?,5
Onde encontro o calendário acadêmico para graduação?,5
Onde encontro o calendário acadêmico para impressão?,5
Onde encontro o calendário acadêmico para me manter atualizado?,5
Onde encontro o calendário acadêmico para me organizar?,5
Onde encontro o calendário acadêmico para me planejar para as provas?,5
Onde encontro o calendário acadêmico para me planejar?,5
Onde encontro o calendário acadêmico para me preparar melhor?,5
Onde encontro o calendário acadêmico para me preparar para os próximos anos letivos?,5
Onde encontro o calendário acadêmico para me preparar para os próximos meses?,5
Onde encontro o calendário acadêmico para me preparar para os próximos semestres?,5
Onde encontro o calendário acadêmico para me preparar para os trabalhos finais?,5
Onde encontro o calendário acadêmico para me programar com antecedência?,5
Onde encontro o calendário acadêmico para me programar?,5
Onde encontro o calendário acadêmico para não me atrasar?,5
Onde encontro o calendário acadêmico para não perder nenhum prazo?,5
Onde encontro o calendário acadêmico para não perder nenhuma atividade acadêmica?,5
Onde encontro o calendário acadêmico para não perder nenhuma atividade importante?,5
Onde encontro o calendário acadêmico para não perder nenhuma oportunidade?,5
Onde encontro o calendário acadêmico para organizar minhas tarefas?,5
Onde encontro o calendário acadêmico para planejar minhas férias?,5
Onde encontro o calendário acadêmico para professores?,5
Onde encontro o calendário acadêmico para pós-graduação?,5
Onde encontro o calendário acadêmico para saber as datas de entrega de trabalhos?,5
Onde encontro o calendário acadêmico para saber as datas de entrega dos trabalhos finais?,5
Onde encontro o calendário acadêmico para saber as datas de eventos?,5
Onde encontro o calendário acadêmico para saber as datas de feriados?,5
Onde encontro o calendário acadêmico para saber as datas de início e fim das aulas?,5
Onde encontro o calendário acadêmico para saber as datas de início e fim dos períodos letivos?,5
Onde encontro o calendário acadêmico para saber as datas de matrícula?,5
Onde encontro o calendário acadêmico para saber as datas de provas?,5
Onde encontro o calendário acadêmico para saber as férias?,5
Onde encontro o calendário acadêmico para ter ciência das datas importantes?,5
Onde encontro o calendário acadêmico?,5
Onde encontro o calendário acadêmico?,5
Onde encontro o calendário escolar?,5
Onde encontro o cronograma acadêmico?,5
Onde encontro o esquema acadêmico?,5
Onde encontro o itinerário acadêmico?,5
Onde encontro o itinerário acadêmico?,5
Onde encontro o planejamento acadêmico?,5
Onde encontro o programa acadêmico?,5
Onde encontro o roteiro acadêmico?,5
Onde está localizado o calendário acadêmico?,5
Onde está o calendário acadêmico?,5
Onde localizado calendário acadêmico?,5
Onde localizar o calendário acadêmico?,5
Onde localizar o calendário acadêmico?,5
Onde o calendário acadêmico encontro?,5
Onde o calendário acadêmico localizado?,5
Onde o calendário acadêmico pode ser encontrado?,5
Onde obter o calendário acadêmico?,5
Onde pode ser achado o calendário acadêmico?,5
Onde pode ser encontrado o calendário acadêmico?,5
Onde ver o calendário acadêmico?,5
Calendário acadêmico encontrar onde?,5
Calendário acadêmico encontro onde?,5
Calendário acadêmico localizado onde?,5
Calendário acadêmico localizar onde?,5
Calendário acadêmico onde encontrar?,5
Calendário acadêmico onde encontro?,5
Calendário acadêmico onde está localizado?,5
Calendário acadêmico onde está?,5
Calendário acadêmico onde localizado?,5
Calendário acadêmico onde localizar?,5
Calendário acadêmico onde procurar?,5
Calendário acadêmico onde?,5
Como acesso o calendário acadêmico?,6
Como encontro o calendário acadêmico?,6
Como eu acesso o calendário acadêmico?,6
Como eu consigo o calendário acadêmico?,6
Como eu faço para encontrar o calendário acadêmico?,6
Como realizar o trancamento da matrícula em uma disciplina?,6
Como proceder com o trancamento da matrícula em uma disciplina?,6
Como solicitar o trancamento da matrícula em uma disciplina?,6
Como efetuar o trancamento da matrícula em uma disciplina?,6
Como fazer o trancamento da matrícula em uma disciplina?,6
Como trancar a inscrição em uma disciplina?,6
Como efetuar o trancamento da inscrição em uma disciplina?,6
Como proceder com o trancamento da inscrição em uma disciplina?,6
Como solicitar o trancamento da inscrição em uma disciplina?,6
Como realizar o trancamento da inscrição em uma disciplina?,6
Como fazer o trancamento da inscrição em uma disciplina específica?,6
Como trancar a matrícula em uma disciplina específica?,6
Como efetuar o trancamento da matrícula em uma disciplina específica?,6
Como proceder com o trancamento da matrícula em uma disciplina específica?,6
Como solicitar o trancamento da matrícula em uma disciplina específica?,6
Como realizar o trancamento da matrícula em uma disciplina específica?,6
Como trancar a matrícula em uma disciplina específica?,6
Como fazer o trancamento da matrícula em uma disciplina específica?,6
Como trancar minha matrícula em uma disciplina?,6
Como cancelar minha matrícula em uma disciplina?,6
Como desativar minha matrícula em uma disciplina?,6
Como interromper minha matrícula em uma disciplina?,6
Como pausar minha matrícula em uma disciplina?,6
Como suspender minha matrícula em uma disciplina?,6
Como desistir da matrícula em uma disciplina?,6
Como retirar minha matrícula em uma disciplina?,6
Como anular minha matrícula em uma disciplina?,6
Como revogar minha matrícula em uma disciplina?,6
Como desmatricular-se de uma disciplina?,6
Como cancelar a matrícula em uma disciplina?,6
Como interromper a matrícula em uma disciplina?,6
Como suspender a matrícula em uma disciplina?,6
Como desistir da matrícula em uma disciplina?,6
Como encerrar a matrícula em uma disciplina?,6
Como abandonar a matrícula em uma disciplina?,6
Como desativar a matrícula em uma disciplina?,6
Como desregistrar-se da matrícula em uma disciplina?,6
Como retirar-se da matrícula em uma disciplina?,6
Como desistir da matrícula em uma disciplina específica?,6
Como interromper a matrícula em uma disciplina específica?,6
Como cancelar a matrícula em uma disciplina específica?,6
Como suspender a matrícula em uma disciplina específica?,6
Como encerrar a matrícula em uma disciplina específica?,6
Como desativar a matrícula em uma disciplina específica?,6
Como desregistrar-se da matrícula em uma disciplina específica?,6
Como retirar-se da matrícula em uma disciplina específica?,6
Como abandonar a matrícula em uma disciplina específica?,6
Como interromper a inscrição em uma disciplina?,6
Como cancelar a inscrição em uma disciplina?,6
Como suspender a inscrição em uma disciplina?,6
Como desistir da inscrição em uma disciplina?,6
Como encerrar a inscrição em uma disciplina?,6
Como desativar a inscrição em uma disciplina?,6
Como desregistrar-se da inscrição em uma disciplina?,6
Como trancar minha matrícula em disciplina,6
Trancar matrícula em disciplina,6
Trancamento de matrícula em disciplina,6
Trancar matrícula,6
Como trancar matrícula,6
Trancamento de matrícula,6
Como realizar trancamento de matrícula,6
Trancar disciplina,6
Como trancar disciplina,6
Trancamento de disciplina,6
Como realizar trancamento de disciplina,6
Trancar matrícula em uma disciplina específica,6
Como trancar matrícula em uma disciplina específica,6
Trancamento de matrícula em uma disciplina específica,6
Como realizar trancamento de matrícula em uma disciplina específica,6
Trancar matrícula em disciplina pelo Portal do Aluno,6
Como trancar matrícula em disciplina pelo Portal do Aluno,6
Trancamento de matrícula em disciplina pelo Portal do Aluno,6
Como realizar trancamento de matrícula em disciplina pelo Portal do Aluno,6
Trancar matrícula em disciplina pelo sistema,6
Como trancar matrícula em disciplina pelo sistema,6
Trancamento de matrícula em disciplina pelo sistema,6
Como realizar trancamento de matrícula em disciplina pelo sistema,6
Trancar matrícula em disciplina presencialmente,6
Como trancar matrícula em disciplina presencialmente,6
Trancamento de matrícula em disciplina presencialmente,6
Como realizar trancamento de matrícula em disciplina presencialmente,6
Trancar matrícula em disciplina por e-mail,6
Como trancar matrícula em disciplina por e-mail,6
Trancamento de matrícula em disciplina por e-mail,6
Trancamento em disciplina como realizar,6
Procedimento para trancar matrícula em disciplina,6
Trancamento de disciplina como proceder,6
Passo a passo para trancar matrícula em disciplina,6
Trancar matrícula em disciplina instruções,6
Como realizar trancamento de disciplina matriculada,6
Trancar matrícula como fazer em uma disciplina específica,6
Procedimento para trancamento de matrícula em disciplina determinada,6
Trancar matrícula passos para realizar em uma disciplina,6
Como proceder para trancar matrícula em disciplina desejada,6
Trancamento de matrícula como realizar em disciplina específica,6
Instruções para trancar matrícula em disciplina desejada,6
Trancar matrícula em disciplina específica como fazer,6
Procedimento para trancar matrícula em disciplina escolhida,6
Como trancar matrícula em disciplina específica passo a passo,6
Trancamento de matrícula como realizar em disciplina desejada,6
Instruções para trancar matrícula em disciplina escolhida,6
Trancar matrícula como proceder em disciplina determinada,6
Procedimento para trancamento de matrícula em disciplina escolhida,6
Trancamento de matrícula em disciplina específica como realizar,6
Como trancar matrícula em disciplina escolhida passo a passo,6
Trancar matrícula em disciplina desejada como fazer,6
Procedimento para trancamento de matrícula em disciplina desejada,6
Trancamento de matrícula como realizar em disciplina escolhida,6
Instruções para trancar matrícula em disciplina específica,6
Trancar matrícula como proceder em disciplina desejada,6
Procedimento para trancamento de matrícula em disciplina específica,6
Trancamento de matrícula em disciplina escolhida como realizar,6
Como realizar o trancamento da matrícula em uma disciplina?,6
Como proceder com o trancamento da matrícula em uma disciplina?,6
Como solicitar o trancamento da matrícula em uma disciplina?,6
Como efetuar o trancamento da matrícula em uma disciplina?,6
Como fazer o trancamento da matrícula em uma disciplina?,6
Como trancar a inscrição em uma disciplina?,6
Como efetuar o trancamento da inscrição em uma disciplina?,6
Como proceder com o trancamento da inscrição em uma disciplina?,6
Como solicitar o trancamento da inscrição em uma disciplina?,6
Como realizar o trancamento da inscrição em uma disciplina?,6
Como fazer o trancamento da inscrição em uma disciplina específica?,6
Como trancar a matrícula em uma disciplina específica?,6
Como efetuar o trancamento da matrícula em uma disciplina específica?,6
Como proceder com o trancamento da matrícula em uma disciplina específica?,6
Como solicitar o trancamento da matrícula em uma disciplina específica?,6
Como realizar o trancamento da matrícula em uma disciplina específica?,6
Como trancar a matrícula em uma disciplina específica?,6
Como fazer o trancamento da matrícula em uma disciplina específica?,6
Como trancar minha matrícula em uma disciplina?,6
Como cancelar minha matrícula em uma disciplina?,6
Como desativar minha matrícula em uma disciplina?,6
Como interromper minha matrícula em uma disciplina?,6
Como pausar minha matrícula em uma disciplina?,6
Como suspender minha matrícula em uma disciplina?,6
Como desistir da matrícula em uma disciplina?,6
Como retirar minha matrícula em uma disciplina?,6
Como anular minha matrícula em uma disciplina?,6
Como revogar minha matrícula em uma disciplina?,6
Como desmatricular-se de uma disciplina?,6
Como cancelar a matrícula em uma disciplina?,6
Como interromper a matrícula em uma disciplina?,6
Como suspender a matrícula em uma disciplina?,6
Como desistir da matrícula em uma disciplina?,6
Como encerrar a matrícula em uma disciplina?,6
Como abandonar a matrícula em uma disciplina?,6
Como desativar a matrícula em uma disciplina?,6
Como desregistrar-se da matrícula em uma disciplina?,6
Como retirar-se da matrícula em uma disciplina?,6
Como desistir da matrícula em uma disciplina específica?,6
Como interromper a matrícula em uma disciplina específica?,6
Como cancelar a matrícula em uma disciplina específica?,6
Como procedo para efetuar minha matrícula em uma disciplina?,0
Como posso me matricular em uma disciplina?,0
Como faço para me cadastrar em uma disciplina?,0
Como devo proceder para me inscrever numa disciplina?,0
Como posso me matricular numa disciplina?,0
Como devo proceder para efetuar minha matrícula em uma disciplina?,0
Como posso me inscrever em uma disciplina?,0
Como faço para me registrar em uma disciplina?,0
Como devo proceder para me matricular numa disciplina?,0
Como posso me cadastrar numa disciplina?,0
Como faço para efetuar minha matrícula em uma disciplina?,0
Como devo proceder para me registrar em uma disciplina?,0
Como posso me inscrever numa disciplina?,0
Como faço para me matricular em uma disciplina?,0
Como devo proceder para me cadastrar em uma disciplina?,0
Como posso efetuar minha matrícula numa disciplina?,0
Como faço para me registrar numa disciplina?,0
Como devo proceder para me inscrever em uma disciplina?,0
Como posso me cadastrar em uma disciplina?,0
Como devo proceder para efetuar minha matrícula numa disciplina?,0
Como posso me registrar em uma disciplina?,0
Como faço para me inscrever numa disciplina?,0
Como devo proceder para me cadastrar em uma disciplina?,0
Como posso efetuar minha matrícula em uma disciplina?,0
Como devo proceder para me matricular em uma disciplina?,0
Como posso me cadastrar numa disciplina?,0
Como faço para me inscrever em uma disciplina?,0
Como devo seguir para me inscrever numa disciplina?,0
Como posso realizar minha matrícula em uma disciplina?,0
Como faço para me matricular numa disciplina?,0
Como faço para efetuar minha matrícula numa disciplina?,0
Como devo proceder para me cadastrar numa disciplina?,0
Como posso realizar minha matrícula numa disciplina?,0
Onde procedo para efetuar minha matrícula em uma disciplina?,0
Onde posso me matricular em uma disciplina?,0
Onde faço para me cadastrar em uma disciplina?,0
Onde devo proceder para me inscrever numa disciplina?,0
Onde posso me matricular numa disciplina?,0
Onde devo proceder para efetuar minha matrícula em uma disciplina?,0
Onde posso me inscrever em uma disciplina?,0
Onde faço para me registrar em uma disciplina?,0
Onde devo proceder para me matricular numa disciplina?,0
Onde posso me cadastrar numa disciplina?,0
Onde faço para efetuar minha matrícula em uma disciplina?,0
Onde devo proceder para me registrar em uma disciplina?,0
Onde posso me inscrever numa disciplina?,0
Onde faço para me matricular em uma disciplina?,0
Onde devo proceder para me cadastrar em uma disciplina?,0
Onde posso efetuar minha matrícula numa disciplina?,0
Onde faço para me registrar numa disciplina?,0
Onde devo proceder para me inscrever em uma disciplina?,0
Onde posso me cadastrar em uma disciplina?,0
Onde devo proceder para efetuar minha matrícula numa disciplina?,0
Onde posso me registrar em uma disciplina?,0
Onde faço para me inscrever numa disciplina?,0
Onde devo proceder para me cadastrar em uma disciplina?,0
Onde posso efetuar minha matrícula em uma disciplina?,0
Onde devo proceder para me matricular em uma disciplina?,0
Onde posso me cadastrar numa disciplina?,0
Onde faço para me inscrever em uma disciplina?,0
Onde devo seguir para me inscrever numa disciplina?,0
Onde posso realizar minha matrícula em uma disciplina?,0
Onde faço para me matricular numa disciplina?,0
Onde faço para efetuar minha matrícula numa disciplina?,0
Onde devo proceder para me cadastrar numa disciplina?,0
Onde posso realizar minha matrícula numa disciplina?,0
Como matricular em uma disciplina?,0
Realizar matrícula em uma disciplina?,0
Matricular numa disciplina?,0
Como me matricular em uma disciplina?,0
Matricular-se em uma disciplina?,0
Como realizar matrícula numa disciplina?,0
Matricular em uma disciplina?,0
Como me registrar em uma disciplina?,0
Matricular-se numa disciplina?,0
Como proceder para matricular em uma disciplina?,0
Como me inscrever em uma disciplina?,0
Como me cadastrar em uma disciplina?,0
Como fazer para me matricular em uma disciplina?,0
Como realizar matrícula em disciplina?,0
Como me registrar numa disciplina?,0
Como me inscrever numa disciplina?,0
Como me cadastrar numa disciplina?,0
Como fazer para me registrar em uma disciplina?,0
Como proceder para me inscrever em uma disciplina?,0
Como fazer para me cadastrar em uma disciplina?,0
Como se matricular em uma disciplina?,0
Como realizar matrícula em disciplina específica?,0
Matricular-se em disciplina específica?,0
Como me inscrever para uma disciplina?,0
Como fazer para me matricular em disciplina específica?,0
Como realizar matrícula para uma disciplina específica?,0
Como me registrar para uma disciplina?,0
Como proceder para matricular-se em uma disciplina?,0
Como me cadastrar para uma disciplina?,0
Como fazer para me registrar para uma disciplina?,0
Em uma disciplina como realizar a matrícula?,0
Realizar a matrícula como em uma disciplina?,0
Como em uma disciplina matricular-se?,0
Uma disciplina como matricular-se?,0
Matricular-se como em uma disciplina?,0
Em uma disciplina como se matricular?,0
Como matricular-se em disciplina específica?,0
Matricular-se em disciplina como?,0
Como em disciplina específica matricular-se?,0
Em disciplina específica como matricular-se?,0
Matricular-se como em disciplina específica?,0
Como realizar matrícula em disciplina específica?,0
Em disciplina específica como realizar matrícula?,0
Como em disciplina específica matricular-se?,0
Em disciplina específica matricular-se como?,0
Como matricular-se em uma disciplina?,0
Em uma disciplina como matricular-se?,0
Matricular-se como em uma disciplina?,0
Como em uma disciplina realizar matrícula?,0
Uma disciplina como realizar matrícula?,0
Realizar matrícula como em uma disciplina?,0
Como matricular-se em disciplina específica?,0
Matricular-se em disciplina como?,0
Em disciplina específica matricular-se como?,0
Como em disciplina específica matricular-se?,0
Em disciplina específica como matricular-se?,0
Matricular-se como em disciplina específica?,0
Como realizar matrícula em disciplina específica?,0
Em disciplina específica como realizar matrícula?,0
Como em disciplina específica realizar matrícula?,0